{
    "Delhi": {
        "l": [28.6152588,77.204596]
    },
    "Chennai": {
        "l": [13.0766904,80.1872041]
    },
    "Kolkata": {
        "l": [22.5683597,88.3652171]
    },
    "Mumbai": {
        "l": [19.0591157,72.8838531]
    }
}