{
    "Chennai": {
        "l": [13.0478223,80.0689258]
    },
    "Delhi": {
        "l": [28.6321289,77.2051772]
    },
    "Kolkata": {
        "l": [22.6763857,88.0495436]
    },
    "Mumbai": {
        "l": [19.0825223,72.7411004]
    }
}